                  epoch,         train/box_loss,         train/cls_loss,         train/dfl_loss,   metrics/precision(B),      metrics/recall(B),       metrics/mAP50(B),    metrics/mAP50-95(B),           val/box_loss,           val/cls_loss,           val/dfl_loss,                 lr/pg0,                 lr/pg1,                 lr/pg2
                      1,                0.78171,                 2.3768,                 1.1902,                0.66707,                0.55769,                 0.6379,                0.49648,                 0.7656,                 2.3177,                 1.2218,             0.00027163,             0.00027163,             0.00027163
                      2,                 0.7511,                  1.819,                 1.1838,                0.73702,                0.68808,                0.78436,                0.63609,                0.69304,                 1.9052,                 1.1616,             0.00044054,             0.00044054,             0.00044054
                      3,                0.77557,                 1.6526,                 1.1964,                0.80515,                0.77752,                0.86673,                0.69753,                0.66361,                 1.7926,                 1.1392,             0.00049949,             0.00049949,             0.00049949
                      4,                 0.7146,                  1.393,                 1.1393,                0.85821,                0.79102,                0.91552,                0.76895,                0.58656,                 1.5593,                 1.0535,              0.0003382,              0.0003382,              0.0003382
                      5,                0.67924,                 1.2905,                 1.1182,                0.92418,                0.87352,                0.94251,                 0.7949,                0.58344,                 1.2725,                 1.0608,             0.00017326,             0.00017326,             0.00017326
