                  epoch,         train/box_loss,         train/cls_loss,         train/dfl_loss,   metrics/precision(B),      metrics/recall(B),       metrics/mAP50(B),    metrics/mAP50-95(B),           val/box_loss,           val/cls_loss,           val/dfl_loss,                 lr/pg0,                 lr/pg1,                 lr/pg2
                      1,                0.61782,                 1.1426,                 1.0596,                0.83858,                0.82345,                0.91911,                0.77997,                0.57723,                 1.4451,                 1.0492,             0.00027163,             0.00027163,             0.00027163
                      2,                0.58713,                 1.1001,                 1.0549,                0.89378,                0.90407,                0.94086,                0.79312,                0.59302,                 1.2326,                 1.0799,             0.00044054,             0.00044054,             0.00044054
                      3,                0.63659,                 1.1426,                 1.0933,                0.89701,                0.85495,                0.92461,                0.77387,                0.59972,                 1.2142,                 1.0592,             0.00049949,             0.00049949,             0.00049949
                      4,                0.61639,                 1.0726,                 1.0657,                0.92038,                0.88529,                0.95573,                 0.8159,                 0.5668,                 1.1194,                 1.0367,              0.0003382,              0.0003382,              0.0003382
                      5,                0.62176,                 1.0229,                 1.0836,                 0.9501,                0.95091,                0.97909,                0.85867,                0.49397,                0.91618,                0.98886,             0.00017326,             0.00017326,             0.00017326
