                  epoch,         train/box_loss,         train/cls_loss,         train/dfl_loss,   metrics/precision(B),      metrics/recall(B),       metrics/mAP50(B),    metrics/mAP50-95(B),           val/box_loss,           val/cls_loss,           val/dfl_loss,                 lr/pg0,                 lr/pg1,                 lr/pg2
                      1,                 0.7921,                 1.9199,                 1.1852,                0.81366,                0.74352,                0.81654,                0.68559,                0.63063,                 1.8955,                 1.1219,             0.00027163,             0.00027163,             0.00027163
                      2,                 0.7379,                 1.5463,                 1.1704,                0.80035,                0.78847,                0.85206,                 0.7013,                0.63644,                 1.7818,                 1.1213,             0.00044054,             0.00044054,             0.00044054
                      3,                0.74195,                 1.4782,                 1.1775,                0.79989,                0.77721,                0.87105,                0.70809,                  0.671,                 1.6107,                 1.1318,             0.00049949,             0.00049949,             0.00049949
                      4,                0.72082,                 1.2881,                 1.1397,                0.89092,                 0.8524,                0.92931,                0.76518,                0.63243,                 1.3179,                 1.0986,              0.0003382,              0.0003382,              0.0003382
                      5,                0.65985,                 1.2007,                 1.1107,                0.93419,                0.90198,                0.95668,                0.83967,                0.51499,                 1.0934,                 1.0176,             0.00017326,             0.00017326,             0.00017326
